videoId,videoTitle,comment,author,likeCount,publishedAt
8ip5AKY8xm4,iPhone 17 Pro Max Chaathan Edition !!,Look at how chaathan it is... Camera Ultra koora pro max...,@HarshadAbdulKabeer,7,2026-03-22T07:51:11Z
8ip5AKY8xm4,iPhone 17 Pro Max Chaathan Edition !!,Liked the edits Your editing skill is improving,@Nikhil-s6y,1,2025-10-18T16:17:15Z
8ip5AKY8xm4,iPhone 17 Pro Max Chaathan Edition !!,Only iphone I can afford,@doorhandle6769,41,2025-10-18T04:44:59Z
8ip5AKY8xm4,iPhone 17 Pro Max Chaathan Edition !!,Google assistant with siri,@Naari-i3z,1,2025-10-18T12:53:34Z
8ip5AKY8xm4,iPhone 17 Pro Max Chaathan Edition !!,Editing super . Correct sync,@Rabinfou,1,2025-10-19T18:29:27Z
8ip5AKY8xm4,iPhone 17 Pro Max Chaathan Edition !!,Dynamic island oke work avauoo .. ivan mare kond thottupokullo enthayalum long term review venam anna,@abhijithkrishnan3655,0,2025-10-18T05:08:27Z
8ip5AKY8xm4,iPhone 17 Pro Max Chaathan Edition !!,Athentha ellam idunna nee iPhone pro max review cheyathey? Shaaz annan thanne venam ippo,@JOBBASKET4,0,2025-11-25T22:41:22Z
8ip5AKY8xm4,iPhone 17 Pro Max Chaathan Edition !!,Kaanumpol thanna ariyaam bro mainly the camera lens Glass,@sibinmichael5795,0,2026-02-20T04:11:41Z
8ip5AKY8xm4,iPhone 17 Pro Max Chaathan Edition !!,Play store njekkiya appstore App store njekkiya play store Sambhavam poli chathan video thanne ketta,@ranjithsukumaran4033,0,2025-10-19T05:12:46Z
8ip5AKY8xm4,iPhone 17 Pro Max Chaathan Edition !!,Bro ethil etha better onnu parayamo iPhone 17 air or Google pixel 10 Which is better normal usage,@AnishAnu-b8e,0,2025-10-20T12:21:47Z
8ip5AKY8xm4,iPhone 17 Pro Max Chaathan Edition !!,Best chatan everrrrrr,@adarshvk7228,0,2025-10-18T11:59:09Z
8ip5AKY8xm4,iPhone 17 Pro Max Chaathan Edition !!,Chetta ith spec parayaamo ?,@SamJoseph-gj8ir,0,2025-10-19T04:51:33Z
8ip5AKY8xm4,iPhone 17 Pro Max Chaathan Edition !!,17 pro use illannu paranjitt base model edukkan poya annan aanu 17 pro max edukkan pone.... Viswasichu...fresh fresh fresh !!!,@Sreejith_k85,0,2025-10-18T12:45:55Z
8ip5AKY8xm4,iPhone 17 Pro Max Chaathan Edition !!,Karthik surya yude editor ine hire cheytho...,@gouthamrao552,0,2025-10-18T04:54:12Z
8ip5AKY8xm4,iPhone 17 Pro Max Chaathan Edition !!,100 professional,@badhu_s,0,2025-10-18T16:38:03Z
8ip5AKY8xm4,iPhone 17 Pro Max Chaathan Edition !!,Karthik Surya ude Editor alle ee video edit cheythathu? Sathyam para,@StanleyVShaji,0,2026-01-08T21:59:11Z
8ip5AKY8xm4,iPhone 17 Pro Max Chaathan Edition !!,"Bro, editing korach over aan. Aadhyam ollath thanne mathi.pazhethu pole vedio cheyy please",@wickedsickle,0,2025-10-18T10:59:18Z
8ip5AKY8xm4,iPhone 17 Pro Max Chaathan Edition !!,Edaa iQOO Neo 10 vs iQOO 12 Gaming Experience etha better bro parayo,@TeamPurpleDomain,0,2025-10-18T06:46:29Z
8ip5AKY8xm4,iPhone 17 Pro Max Chaathan Edition !!,Shazzam bro Iphone 17 pro max Japan spec uae purchase chyth nattil use chythal nthelm problem undo,@anandhakrishnan1629,0,2025-11-10T16:59:24Z
8ip5AKY8xm4,iPhone 17 Pro Max Chaathan Edition !!,"Bro, cosmic orange is turning to rose gold ennu kelkkunnu, ullathaahno?",@BinBin-ho4lv,0,2025-10-18T17:21:27Z
8ip5AKY8xm4,iPhone 17 Pro Max Chaathan Edition !!,Ennalpolum...... ee videoyil thanne shradhichu nokiyal kaanam athil 2 camera reflect cheyumbol blue colouril kaanam......,@NETHAN-x1h,0,2025-11-24T15:52:16Z
8ip5AKY8xm4,iPhone 17 Pro Max Chaathan Edition !!,From Chor bazaar 5000rs only,@PinarayiVijayan-k5b,2,2025-10-18T12:47:27Z
8ip5AKY8xm4,iPhone 17 Pro Max Chaathan Edition !!,Aliya ith enghane vangan pattum para i phone vanghan okke fund inde but ios battery backup ishttam alla atha Android ane ishttam so android i phone poli kitto,@Lynx_tokky,0,2025-10-19T16:14:54Z
8ip5AKY8xm4,iPhone 17 Pro Max Chaathan Edition !!,Apo original and duplicate unbox cheyunna munne thirich ariyan vazhi onnullee,@athirasaji8317,0,2025-10-18T18:35:19Z
8ip5AKY8xm4,iPhone 17 Pro Max Chaathan Edition !!,Bro take news,@varunvarghese5252,0,2025-10-18T14:28:56Z
8ip5AKY8xm4,iPhone 17 Pro Max Chaathan Edition !!,Anna is phone 17 pro max inte best camera settings parayavo instagram il oru story engilum Idavo? Please,@RehanReny,0,2025-11-07T11:52:50Z
slOtZZmLX0I,iPhone 17 | My Review | Best iPhone Evaaa !!! | Sale King !! | Malayalam,Watching this on iPhone 17,@megatronff1362,251,2026-02-02T11:06:14Z
slOtZZmLX0I,iPhone 17 | My Review | Best iPhone Evaaa !!! | Sale King !! | Malayalam,"Sooo many first comments here , sherikkum aarade first?.",@Paanavlogs,615,2025-11-07T08:59:20Z
slOtZZmLX0I,iPhone 17 | My Review | Best iPhone Evaaa !!! | Sale King !! | Malayalam,"The first time,i thought about buying an iPhone ....",@abhijitha7573,74,2025-11-07T15:17:43Z
slOtZZmLX0I,iPhone 17 | My Review | Best iPhone Evaaa !!! | Sale King !! | Malayalam,Editor polichu,@Abhaykrishna077,33,2025-11-07T16:01:34Z
slOtZZmLX0I,iPhone 17 | My Review | Best iPhone Evaaa !!! | Sale King !! | Malayalam,As a 17 user very good performance and better camera finally the 120hz for base series is very nyz.,@dheerajks7649,29,2025-11-07T16:28:28Z
slOtZZmLX0I,iPhone 17 | My Review | Best iPhone Evaaa !!! | Sale King !! | Malayalam,"Bro, there s something most people don t realize about iPhone storage screenshots actually take up a lot of space. Each screenshot can be around 8 10 MP in size, which means if you ve got 1,000 of them, that s roughly 10 12 GB of storage gone just for screenshots! Most people assume a screenshot is just 1 2 MB, but on iPhones, they re much larger. You can check it yourself by copying all your screenshots to a computer and checking the total folder size it s pretty surprising.",@TedVet,47,2025-11-08T03:26:19Z
slOtZZmLX0I,iPhone 17 | My Review | Best iPhone Evaaa !!! | Sale King !! | Malayalam,iPhone illathe epozhum iphone review kanumavru ivide coment,@Susheela-u8u,88,2025-11-10T15:22:50Z
slOtZZmLX0I,iPhone 17 | My Review | Best iPhone Evaaa !!! | Sale King !! | Malayalam,Editor cooked here,@Ryan_yoyo,119,2025-11-07T10:42:07Z
slOtZZmLX0I,iPhone 17 | My Review | Best iPhone Evaaa !!! | Sale King !! | Malayalam,Watching this on iphone 17,@shahanas__shah8993,17,2026-04-26T04:55:28Z
slOtZZmLX0I,iPhone 17 | My Review | Best iPhone Evaaa !!! | Sale King !! | Malayalam,now days shaz making is at the peak,@jarshajjnp,2,2025-11-08T10:30:28Z
slOtZZmLX0I,iPhone 17 | My Review | Best iPhone Evaaa !!! | Sale King !! | Malayalam,Watching this iphone17 review from new iphone 17,@thoufiq__hussain,22,2025-11-07T10:22:01Z
slOtZZmLX0I,iPhone 17 | My Review | Best iPhone Evaaa !!! | Sale King !! | Malayalam,Bro editing nice ayittund epoo,@AbhijithMohan-kzr,0,2025-11-08T05:59:56Z
slOtZZmLX0I,iPhone 17 | My Review | Best iPhone Evaaa !!! | Sale King !! | Malayalam,Using iphone 17 for almost 2 months . completely satisfied with this price,@gokuldas3350,7,2025-11-09T04:38:49Z
slOtZZmLX0I,iPhone 17 | My Review | Best iPhone Evaaa !!! | Sale King !! | Malayalam,9 00 athoke atre ullu,@alen7191,12,2025-11-07T16:52:30Z
slOtZZmLX0I,iPhone 17 | My Review | Best iPhone Evaaa !!! | Sale King !! | Malayalam,First comment cheythavarude sredhakk shazaam annan fist comments inu give away onum tharanillaa,@CR--SHIVAN--69,13,2025-11-07T09:19:06Z
slOtZZmLX0I,iPhone 17 | My Review | Best iPhone Evaaa !!! | Sale King !! | Malayalam,Shazzee video editor thookki,@Brutx-911,0,2025-11-07T16:10:17Z
slOtZZmLX0I,iPhone 17 | My Review | Best iPhone Evaaa !!! | Sale King !! | Malayalam,Thank you shazz bro for considering my comment in the earliest video and doing this video. Love from kochi .,@AldrinAntonyXavier,0,2025-11-07T12:04:58Z
slOtZZmLX0I,iPhone 17 | My Review | Best iPhone Evaaa !!! | Sale King !! | Malayalam,Valya monitor pwly gaming expression browe,@anshajlogan1040,6,2025-11-07T17:41:16Z
slOtZZmLX0I,iPhone 17 | My Review | Best iPhone Evaaa !!! | Sale King !! | Malayalam,"Background pink panther ,angry birds tune oke editor brilliance",@MeowBunnyAi,5,2025-11-07T18:10:10Z
slOtZZmLX0I,iPhone 17 | My Review | Best iPhone Evaaa !!! | Sale King !! | Malayalam,Watching from my I phone 17,@vyshakhsajeev,9,2026-02-03T12:21:54Z
slOtZZmLX0I,iPhone 17 | My Review | Best iPhone Evaaa !!! | Sale King !! | Malayalam,"I have been using a smartphone since 2015. Every previous phone I used would hang when storage went above 90 . But currently, I am using an S23 FE, the 128GB variant. It's now 124GB full, but it still works with no lag at all. Buttery smooth. I asked ChatGPT why this happened , and it said it's because of UFS 3.1.",@MELVINMJO,5,2025-11-09T09:09:14Z
slOtZZmLX0I,iPhone 17 | My Review | Best iPhone Evaaa !!! | Sale King !! | Malayalam,Uh r a great techy bt at tyms i feel lyk uh becom vry casual in tech videos.. jst slayin.. als givin so much infoms..,@rihaanrk6,0,2025-11-13T17:36:43Z
slOtZZmLX0I,iPhone 17 | My Review | Best iPhone Evaaa !!! | Sale King !! | Malayalam,one of the best iPhone review evvaaa,@MohammedAshraf-jl4ce,0,2025-11-09T15:12:50Z
slOtZZmLX0I,iPhone 17 | My Review | Best iPhone Evaaa !!! | Sale King !! | Malayalam,Agane njanum iPhone 17 eduthu Amma eduth thannu tnk u Amma adipolli phone,@JonathJomon-g7l,6,2026-04-25T05:18:36Z
slOtZZmLX0I,iPhone 17 | My Review | Best iPhone Evaaa !!! | Sale King !! | Malayalam,Finally njan agrahicha review ethy,@akarshsivan478,0,2025-11-07T15:25:21Z
slOtZZmLX0I,iPhone 17 | My Review | Best iPhone Evaaa !!! | Sale King !! | Malayalam,"5days before I brought 17 from iphone phobias without any price change, this isn't fair",@anwinksdutt7397,2,2025-11-10T14:08:55Z
slOtZZmLX0I,iPhone 17 | My Review | Best iPhone Evaaa !!! | Sale King !! | Malayalam,"To improve your battery life on iP17, update to iOS 26.1 speaking from experience",@nndn3889,13,2025-11-08T03:08:22Z
slOtZZmLX0I,iPhone 17 | My Review | Best iPhone Evaaa !!! | Sale King !! | Malayalam,Watching on iPhone 17,@abh1yy,3,2026-04-13T16:49:37Z
slOtZZmLX0I,iPhone 17 | My Review | Best iPhone Evaaa !!! | Sale King !! | Malayalam,Tagline correct aayi.. Finally Apple,@Sreejith_k85,2,2025-11-07T09:36:12Z
slOtZZmLX0I,iPhone 17 | My Review | Best iPhone Evaaa !!! | Sale King !! | Malayalam,Bro 5g vs 4g of various brands and why 5g uses more battery ethine patti oru vedio cheyyamo,@Mahadev-25b,1,2025-11-07T16:25:58Z
slOtZZmLX0I,iPhone 17 | My Review | Best iPhone Evaaa !!! | Sale King !! | Malayalam,"Eduthu ,my first iphone",@harishankar5160,5,2026-02-08T08:29:57Z
slOtZZmLX0I,iPhone 17 | My Review | Best iPhone Evaaa !!! | Sale King !! | Malayalam,Thanks for the reminder about storage,@Shahilism,1,2025-11-07T11:47:29Z
slOtZZmLX0I,iPhone 17 | My Review | Best iPhone Evaaa !!! | Sale King !! | Malayalam,"5 03 Not only based on use scenerio. smartphone brands battery nallareethiyil hardware and software levelil optimise cheydhittillel 6000 alla 10,000 mah unddaayittum kaaryam illa. chila brands okke optimise cheyyaanulla laziness ulla poleyokkeya orupaad mah ulla battery yokke kodukkunnadh ennu thonnum.",@vaeventsandcaters1989,1,2025-11-07T13:18:45Z
slOtZZmLX0I,iPhone 17 | My Review | Best iPhone Evaaa !!! | Sale King !! | Malayalam,What a name style from your glasses. Like so nice,@bayuadhinugroho90,0,2026-04-10T17:48:49Z
slOtZZmLX0I,iPhone 17 | My Review | Best iPhone Evaaa !!! | Sale King !! | Malayalam,video playback speed custom aakkiyathanno ikka ?,@LimitlessPhotography,1,2025-11-08T07:06:03Z
slOtZZmLX0I,iPhone 17 | My Review | Best iPhone Evaaa !!! | Sale King !! | Malayalam,"Bro serious question, secondary memory almost full avunath ekkana phone nde speed ine effect cheyyune? swap availability issue kond ano?",@c......h-l8o,1,2025-11-07T10:17:16Z
slOtZZmLX0I,iPhone 17 | My Review | Best iPhone Evaaa !!! | Sale King !! | Malayalam,The best all rounder phone from Apple,@VoltR-m8x,1,2025-11-08T01:22:18Z
slOtZZmLX0I,iPhone 17 | My Review | Best iPhone Evaaa !!! | Sale King !! | Malayalam,"As a long term user of a couple of apple devices.....I would say ....once we start integrating apple devices for our personal professional life, we will be thrilled to be part of an ecosystem that's optimised in such a way that all these devices ....The iphone, MacBook, Airpods, iPad apple watch .... work together how these devices and softwares support each other to make the whole user experience seamless intuitive......Hats off to proud to be part of ECOSYSTEM....",@Vitroye-e7m,3,2026-02-07T18:28:32Z
uVm2Q0EMiR0,I Am Returning My iPhone 17 Pro | 10 Days Review | Malayalam,"iPhonePhobias Pan India Courier Service Cochin 91 8136896597 Calicut 91 7356008802 Service 91 7356008807 Complaint Line 91 8590220080 First floor, parisons digital bazar, Calicut, India 673004 Edited By asifasgar.works gmail.com",@CallMeShazzamTECH,220,2025-10-09T15:39:57Z
uVm2Q0EMiR0,I Am Returning My iPhone 17 Pro | 10 Days Review | Malayalam,I'm glad y'all liked the edits,@AsifAsgarr,290,2025-10-10T11:32:46Z
uVm2Q0EMiR0,I Am Returning My iPhone 17 Pro | 10 Days Review | Malayalam,Editor nu recent aayit hike kitti ennu thoonunu,@sarath.sreedhar.j,46,2025-10-10T13:49:31Z
uVm2Q0EMiR0,I Am Returning My iPhone 17 Pro | 10 Days Review | Malayalam,This video editing is unreal.... never seen it to be so good before,@Robin007George,140,2025-10-10T03:45:14Z
uVm2Q0EMiR0,I Am Returning My iPhone 17 Pro | 10 Days Review | Malayalam,Video production quality has been top notch these days. Keep it up bro,@Raju_Padmanabhan,98,2025-10-10T04:59:00Z
uVm2Q0EMiR0,I Am Returning My iPhone 17 Pro | 10 Days Review | Malayalam,Editor was hired yesterday..,@DommToretto,63,2025-10-10T08:23:04Z
uVm2Q0EMiR0,I Am Returning My iPhone 17 Pro | 10 Days Review | Malayalam,Editing kidu.. hope your videos break the language barrier soon..,@TonuAlex,38,2025-10-10T07:33:36Z
uVm2Q0EMiR0,I Am Returning My iPhone 17 Pro | 10 Days Review | Malayalam,I cant think of any other phone to play BGMI !!! Pro max screen and bigger battery.. dream for any gamer !! Lets see how Vlogging feels like on the new iphone,@CallmeFlashh,162,2025-10-10T07:14:17Z
uVm2Q0EMiR0,I Am Returning My iPhone 17 Pro | 10 Days Review | Malayalam,Editor bro is working overtime,@Doctorvegafunk,32,2025-10-10T08:45:18Z
uVm2Q0EMiR0,I Am Returning My iPhone 17 Pro | 10 Days Review | Malayalam,4 30 farming AURA,@Groot7x,30,2025-10-10T06:53:16Z
uVm2Q0EMiR0,I Am Returning My iPhone 17 Pro | 10 Days Review | Malayalam,Appreciating the edits,@nithinkrishnav.s5394,12,2025-10-10T10:21:04Z
uVm2Q0EMiR0,I Am Returning My iPhone 17 Pro | 10 Days Review | Malayalam,"I absolutely love your videos, especially the way you review the gadgets. Keep it up bro.",@ranjitnair9419,5,2025-10-10T18:12:25Z
uVm2Q0EMiR0,I Am Returning My iPhone 17 Pro | 10 Days Review | Malayalam,Iphone Colour change aavuna editing,@LilBossified,7,2025-10-10T13:09:36Z
uVm2Q0EMiR0,I Am Returning My iPhone 17 Pro | 10 Days Review | Malayalam,Editing vishayam,@annusepisodes3591,3,2025-10-10T14:21:36Z
uVm2Q0EMiR0,I Am Returning My iPhone 17 Pro | 10 Days Review | Malayalam,U r exactly right. For an average person the pro res and gen lock features r not needed. I m also planning to get rid of my 17 pro max for the 17 sage. Very informative video. Thanks Shaz.,@alancmathew,8,2025-10-11T04:01:59Z
uVm2Q0EMiR0,I Am Returning My iPhone 17 Pro | 10 Days Review | Malayalam,Cosmic orange 17 pro eagerly awaiting bro editing fantastic decision changed instead of pro super sleek Air like more ..bought it,@KiranGz,2,2025-10-10T12:17:17Z
uVm2Q0EMiR0,I Am Returning My iPhone 17 Pro | 10 Days Review | Malayalam,Quality editing . No additional nonsense.,@DroneMode_33,3,2025-10-10T09:50:09Z
uVm2Q0EMiR0,I Am Returning My iPhone 17 Pro | 10 Days Review | Malayalam,"Well and a very smart way for marketing....well and good job man... knows how to make the videos well and perfect...,,",@joeljose8809,2,2025-10-10T08:24:22Z
uVm2Q0EMiR0,I Am Returning My iPhone 17 Pro | 10 Days Review | Malayalam,the main reason am returning this phone is beacause of the durability issue.. or else i would have keep using this phone.. am sure with my way of handling the phone i will surely make a dent on this device and it will be super hard for me to resell this phone next year.. thats one of the main reason why i am selling it and getting the normal iPhone 17.. also this isnt a full o full apple negative parayunna video.. adiyam full ayittu video kandittu vannu konnaku keta.. njan evidde eniku istapetta kariyavum proper ayittu parayund.. chumma konna adikalee,@CallMeShazzamTECH,285,2025-10-10T04:26:40Z
uVm2Q0EMiR0,I Am Returning My iPhone 17 Pro | 10 Days Review | Malayalam,"Bro, its a more informative about videography and photography content like about formats thank you and also you video editing style was very nice and I think how can the editing and transition also so good hats of you brother love you and also I am a from the old Strat stage subscriber...",@AlanThomas-r2s,0,2025-10-10T16:21:18Z
uVm2Q0EMiR0,I Am Returning My iPhone 17 Pro | 10 Days Review | Malayalam,Ithrayum clear aayit swantham opinion paranjittum hate comments varunnath aan serikkum comedy.. GGWP SHAZZAAM BROO,@Appu10_w,0,2025-10-10T11:57:25Z
uVm2Q0EMiR0,I Am Returning My iPhone 17 Pro | 10 Days Review | Malayalam,Editor work somuch hard great mahn,@shahalusha785,1,2025-10-10T18:20:18Z
uVm2Q0EMiR0,I Am Returning My iPhone 17 Pro | 10 Days Review | Malayalam,Features koodi poyond phone venda enn parayunnath pole thoni,@SunijaBineesh,8,2025-10-10T06:19:21Z
uVm2Q0EMiR0,I Am Returning My iPhone 17 Pro | 10 Days Review | Malayalam,It's really informative.. got something about the camera and the coloring.,@Palemo-Gaming,0,2025-10-10T16:38:56Z
uVm2Q0EMiR0,I Am Returning My iPhone 17 Pro | 10 Days Review | Malayalam,"Bro . I have been watching your video after so long. Your video quality and review has improved a lot. Good editing, reviews based on common opinion and studies, good reasoning. Through this, you have reduced the biased views. Trying to show the facts through references will lower the criticism of subjectivity. happy for your efforts to improve on your contents.",@24xlse,4,2025-10-11T03:59:09Z
uVm2Q0EMiR0,I Am Returning My iPhone 17 Pro | 10 Days Review | Malayalam,Perfect explanation and review bro. Thank you for sharing the same. I changed my decission. I was waiting your review to decide.,@vishnu_S_Pillai,1,2025-10-11T04:00:32Z
uVm2Q0EMiR0,I Am Returning My iPhone 17 Pro | 10 Days Review | Malayalam,"12 50 shazz bro, processed photo vendathavark venel pro mode use cheiyallo appo lens ill nthano vanne ath pole thanne kittathille... Every smartphone brand's camera has its own pros and cons depending on how we use them.",@thephotographerk6864,3,2025-10-10T04:11:12Z
uVm2Q0EMiR0,I Am Returning My iPhone 17 Pro | 10 Days Review | Malayalam,"I am an apple user but your words are 100 correct bro , smartphones are peoples choice and there is no best one",@MohammedAshraf-jl4ce,8,2025-10-10T04:50:22Z
uVm2Q0EMiR0,I Am Returning My iPhone 17 Pro | 10 Days Review | Malayalam,Waiting for the Oneplus 13 Long term Review!!! Top notch Quality videos Shazzam Brother!!!,@StebinSunny-e8d,0,2025-10-10T08:04:31Z
uVm2Q0EMiR0,I Am Returning My iPhone 17 Pro | 10 Days Review | Malayalam,Im not a blackberry user. Im happy with my current phone.,@BinYousuf-Skeeper,5,2025-10-10T05:15:25Z
uVm2Q0EMiR0,I Am Returning My iPhone 17 Pro | 10 Days Review | Malayalam,I really liked this video...he was true to his word. And the way he explained his experience and judgement. Kudos.,@jessan129,0,2026-02-20T18:53:35Z
uVm2Q0EMiR0,I Am Returning My iPhone 17 Pro | 10 Days Review | Malayalam,7 25 nope gensin impact and wuthering waves kallichapol 42 degree vare ethiyayirnn but ath manageable ann,@XeninZen-q2k,3,2025-10-10T07:37:42Z
uVm2Q0EMiR0,I Am Returning My iPhone 17 Pro | 10 Days Review | Malayalam,Orange 17 pro . It's look beautiful. Mahnn,@joblesslazyguy,6,2025-10-10T06:39:29Z
uVm2Q0EMiR0,I Am Returning My iPhone 17 Pro | 10 Days Review | Malayalam,Bro explained about camera very well!!!,@ramshii7,0,2025-10-11T20:32:55Z
uVm2Q0EMiR0,I Am Returning My iPhone 17 Pro | 10 Days Review | Malayalam,"Bro, iPhone 17 White is also so good. I purchased one and it s looks so elegant.",@Aryaraju-s5y,1,2025-10-10T14:55:59Z
uVm2Q0EMiR0,I Am Returning My iPhone 17 Pro | 10 Days Review | Malayalam,Thank u for clarifying about just active and non active and others,@nvfavas8573,0,2025-10-11T18:25:41Z
uVm2Q0EMiR0,I Am Returning My iPhone 17 Pro | 10 Days Review | Malayalam,Nicelee editing skill eduthee purathitirkyaaa,@udayannjattuvela1739,0,2025-10-10T04:14:07Z
uVm2Q0EMiR0,I Am Returning My iPhone 17 Pro | 10 Days Review | Malayalam,Bro random tech talk nirthiyo I'am waiting,@MohammedAflah-g5f,4,2025-10-10T04:16:07Z
uVm2Q0EMiR0,I Am Returning My iPhone 17 Pro | 10 Days Review | Malayalam,1 05 editor peak level color changing,@whitemusicdj,0,2025-10-13T02:35:54Z
uVm2Q0EMiR0,I Am Returning My iPhone 17 Pro | 10 Days Review | Malayalam,Iphone 17 pro design ishttapedathavr evide cammon...,@CAPTAIN-JR-YT,13,2025-10-10T07:19:46Z
uVm2Q0EMiR0,I Am Returning My iPhone 17 Pro | 10 Days Review | Malayalam,Thank you so much your Bro Actually I waiting for your review I always watching your all videos because planned to buying I Phone But confirmed to which phone is buying but after your video I my confuses is cleared Bro Thank you so much Bro,@IsmailBathisha,0,2025-10-10T08:30:14Z
uVm2Q0EMiR0,I Am Returning My iPhone 17 Pro | 10 Days Review | Malayalam,Waiting ayirunnu for your iPhone 17 review,@Meenudiya,5,2025-10-10T04:35:35Z
uVm2Q0EMiR0,I Am Returning My iPhone 17 Pro | 10 Days Review | Malayalam,Bro editing l mass annay bro,@KLWWWanmie,2,2025-10-10T09:31:05Z
uVm2Q0EMiR0,I Am Returning My iPhone 17 Pro | 10 Days Review | Malayalam,Me with sage 17. Went from 13 pro to 17. Theres more value with non pro version this year,@afsallais9825,4,2025-10-10T05:30:43Z
uVm2Q0EMiR0,I Am Returning My iPhone 17 Pro | 10 Days Review | Malayalam,Only drawbacks with iphone 17 are its 8GB RAM and lack of optical zoom. It will miss out on future AI features coming with Apple Intelligence.,@dheeraja511,4,2025-10-10T04:19:19Z
uVm2Q0EMiR0,I Am Returning My iPhone 17 Pro | 10 Days Review | Malayalam,"As a long term user of a couple of apple devices.....I would say ....once we start integrating apple devices for our personal professional life, we will be thrilled to be part of an ecosystem that's optimised in such a way that all these devices ....The iphone, MacBook, Airpods, iPad apple watch .... work together how these devices and softwares support each other to make the whole user experience seamless intuitive......Hats off to proud to be part of ECOSYSTEM....",@Vitroye-e7m,1,2026-02-07T18:29:43Z
uVm2Q0EMiR0,I Am Returning My iPhone 17 Pro | 10 Days Review | Malayalam,Shazz bro ithing enik thannoodey.. Content itt njan reach aayit aa paisa thirich adakkam,@Aladin1717,0,2025-10-10T14:49:26Z
uVm2Q0EMiR0,I Am Returning My iPhone 17 Pro | 10 Days Review | Malayalam,"Issues with this video 1 Durability The iPhone 16 which you told to be strong durable is made up of the aluminum body similar to the iPhone 17 and iPhone 17 pro series. So, iPhone 17 pro should also have the same durability standards to your iPhone 16. But, scratches will be an issue on the 17 pro's plateau due to the sharp edges it has. 2 Charging You do not need to buy Apple's 40W charger to reach the claimed charging speeds, even with a non AVS spec charger like Samsung's 45W charger, you can reach that same charging speeds. You can refer to GSMArena's 17 Pro Review, in its Charging Speed portion. It talks about this. Apart from these, the other points stay valid and the iPhone 17 is plenty enough for 99 of the people.",@kevinthomas1555,7,2025-10-10T06:41:55Z
uVm2Q0EMiR0,I Am Returning My iPhone 17 Pro | 10 Days Review | Malayalam,Long term use review needed for iphn 17,@arjunb6820,0,2025-10-10T16:46:21Z
uVm2Q0EMiR0,I Am Returning My iPhone 17 Pro | 10 Days Review | Malayalam,Eppolum 13 ann best,@calvi.in4k,3,2025-10-11T02:42:36Z
uVm2Q0EMiR0,I Am Returning My iPhone 17 Pro | 10 Days Review | Malayalam,most honest review I have seeen fr,@GamingbyWPG,0,2025-10-14T14:01:03Z
uVm2Q0EMiR0,I Am Returning My iPhone 17 Pro | 10 Days Review | Malayalam,Editing level 9999999999,@Amazillleeee,1,2025-10-10T18:20:07Z
uVm2Q0EMiR0,I Am Returning My iPhone 17 Pro | 10 Days Review | Malayalam,"shazzam annan ith launch ill thanne ariyarnu pro nte use illa n , he also said 1 month n ullil 17 review idumen , he know what he is doing , content um ayi review um ayi iphonephobias promotion um ayi, apple video itta utube ill views um ayi, the master brain , love u bro",@pranavpradeep7351,7,2025-10-10T04:14:26Z
uVm2Q0EMiR0,I Am Returning My iPhone 17 Pro | 10 Days Review | Malayalam,bro video shooting cheyyunnath eth phone? video clarity spr,@arunrp92,0,2025-12-20T12:44:16Z
q0aFOxT6TNw,iPhone 17 Pro Review: Paradox in a Box!,"The dbrand stat is a bit misleading cause a they are still a tech y company that not all the mainstream users know about, so they get higher sales from tech savvy users who tend to buy the highest end iPhones and, b their products are quite premium which means only those who can afford high end phones will think of buying dbrand products which would be the buyers of the Pro Max.",@abdullahalshafeechowdhury4167,14122,2025-09-26T21:25:11Z
q0aFOxT6TNw,iPhone 17 Pro Review: Paradox in a Box!,For a second thought the video wasnt playing,@sujboi1,5507,2025-09-27T02:54:49Z
q0aFOxT6TNw,iPhone 17 Pro Review: Paradox in a Box!,Legendary intro as always,@SimplyPops,6955,2025-09-26T21:04:12Z
q0aFOxT6TNw,iPhone 17 Pro Review: Paradox in a Box!,Seems like the color scheme this year has been inspired from Tom and Jerry cartoon.,@syedshafiqulislam2752,192,2025-09-30T15:50:34Z
q0aFOxT6TNw,iPhone 17 Pro Review: Paradox in a Box!,Me thinking my internet is slow at the beginning,@theboys9105,2805,2025-09-26T22:41:28Z
q0aFOxT6TNw,iPhone 17 Pro Review: Paradox in a Box!,"I think DBrand is a premium player for cases, hence the sales being higher for Pro Max because if you re spending that much, you re getting the best case. iPhone 17 buyers are usually more economical oriented If you buy an Air, who is buying a case",@PoThePanda007,3005,2025-09-26T21:06:13Z
q0aFOxT6TNw,iPhone 17 Pro Review: Paradox in a Box!,Insane refresh pull,@stephl3517,2215,2025-09-26T21:01:31Z
q0aFOxT6TNw,iPhone 17 Pro Review: Paradox in a Box!,"Just bought the pro max and I felt bad about aluminum, sucks, the phone actually does look good but leather is looking much better on it",@ArloVance765,187,2026-01-13T17:35:43Z
q0aFOxT6TNw,iPhone 17 Pro Review: Paradox in a Box!,Bro made a better commercial than Apple,@aquibNawab9009,1712,2025-09-26T21:40:25Z
q0aFOxT6TNw,iPhone 17 Pro Review: Paradox in a Box!,when the intro animation is better than the actual apple presentation... you know its MKBHD,@harshvpandey101x,465,2025-09-27T03:45:01Z
q0aFOxT6TNw,iPhone 17 Pro Review: Paradox in a Box!,It s so funny I only watch your reviews before deciding what to buy. Appreciate it,@ZetroidX,3,2025-10-20T13:48:53Z
q0aFOxT6TNw,iPhone 17 Pro Review: Paradox in a Box!,The intro is absolute cinema.,@Darrenwatkins-r6q,515,2025-09-26T21:03:00Z
q0aFOxT6TNw,iPhone 17 Pro Review: Paradox in a Box!,"This is one thing I like and respect about Marques, he uses a lot of other YouTubers expertise, for example 8 36 , to show case different aspects that a phone has. It s exactly like reading a research paper and author citing another author.",@advait05,955,2025-09-27T08:20:38Z
q0aFOxT6TNw,iPhone 17 Pro Review: Paradox in a Box!,The quality of your production is next level,@woodmicha,1079,2025-09-28T02:10:15Z
q0aFOxT6TNw,iPhone 17 Pro Review: Paradox in a Box!,"6 16 my thoughts exactly, I got orange bc it was actually pretty neat in person but still black is always the cleanest color on phones",@ndh2002,33,2025-10-09T17:59:26Z
q0aFOxT6TNw,iPhone 17 Pro Review: Paradox in a Box!,Holy refresh,@fajrulfarihin6405,1268,2025-09-26T21:01:16Z
q0aFOxT6TNw,iPhone 17 Pro Review: Paradox in a Box!,that intro made me feel some type of way,@donutmcmuffin3916,780,2025-09-26T21:01:42Z
q0aFOxT6TNw,iPhone 17 Pro Review: Paradox in a Box!,"I upgraded from the 13 pro max, got the 17 pro max yesterday. The one thing that maybe surprised me the most are the speakers. They sound so good compared to the 13. Didn t really know there was that big of a difference tbh",@cassteunebrink7644,816,2025-09-28T09:23:45Z
q0aFOxT6TNw,iPhone 17 Pro Review: Paradox in a Box!,"You've gained a subscriber for not treating a simple traffic stop like the end of the world. Thank you, and continue to make great content!",@arguedscarab7985,14,2025-09-30T13:50:08Z
q0aFOxT6TNw,iPhone 17 Pro Review: Paradox in a Box!,HTX Studio's videos are truly amazing. Thank you for expressing your appreciation for them.,@NanoDoze,639,2025-09-26T23:14:35Z
q0aFOxT6TNw,iPhone 17 Pro Review: Paradox in a Box!,"The dbrand stat is such a crazy choice lol.. Owner of country limited niche custom car paint job business oh wow, seems most cars have really high end engines!!",@DrKanin,215,2025-09-27T09:20:18Z
q0aFOxT6TNw,iPhone 17 Pro Review: Paradox in a Box!,"New sub today, but I've been watching for ages! Huge day for me! I pre ordered the iPhone 17 Pro Max in Cosmic Orange four weeks ago and it's arriving today! It's going to be my very first iPhone ever I've been on a Samsung S9 since 2018! Massive upgrade, wish me luck with the switch!",@FaridTBE,3,2025-10-14T01:33:37Z
q0aFOxT6TNw,iPhone 17 Pro Review: Paradox in a Box!,"I bit the bullet and ordered the 17 Pro Max on Wednesday. I m coming from a 12 mini that s served me well for 4 years but in that time, I went from having 20 20 vision to needing glasses I m so hyped for my new phone!!",@leahevehumphries,535,2025-09-26T21:42:10Z
q0aFOxT6TNw,iPhone 17 Pro Review: Paradox in a Box!,He's killing it in intro,@kulnoormakkar537,286,2025-09-26T21:02:23Z
q0aFOxT6TNw,iPhone 17 Pro Review: Paradox in a Box!,"I think the reason there is no black or dark neutral color is because Apple is trying to use color to distinguish its products from others, and thus serve as a sales marketing strategy. If they offered darker colors, then it looks very similar to other competing products. By having these quirky colors like orange, it is really obvious to others who has the iPhone17 Pro assuming a case doesn't cover up the color",@austinxiong4211,267,2025-09-26T21:45:02Z
q0aFOxT6TNw,iPhone 17 Pro Review: Paradox in a Box!,Love it. Appreciate the dependable reviews. Well crafted. Easy to follow. Informative. Keep up the good work!,@bonganthony88,1,2025-09-30T16:38:05Z
q0aFOxT6TNw,iPhone 17 Pro Review: Paradox in a Box!,"I rarely watch something in full screen on my computer, but the production quality of the intro made me go into full screen. Respect!",@lightningsun1446,105,2025-09-26T22:36:17Z
q0aFOxT6TNw,iPhone 17 Pro Review: Paradox in a Box!,I'm happy that HTX studio got mentioned by Marquess. that channel deserves a much larger audience.,@Mas.Chikkind,124,2025-09-26T22:08:52Z
q0aFOxT6TNw,iPhone 17 Pro Review: Paradox in a Box!,Air owners doesn't want a case it defeats the purpose haha,@anthonyneilsonofficial8279,107,2025-09-27T03:07:18Z
q0aFOxT6TNw,iPhone 17 Pro Review: Paradox in a Box!,The intro music is awesome!,@aliciafrappantbas,2,2026-01-31T20:57:50Z
q0aFOxT6TNw,iPhone 17 Pro Review: Paradox in a Box!,Here before the video has even finished processing loving this 480p it's really doing a great job erasing all the hard work you put into the intro,@coleydotmp4,122,2025-09-26T21:06:21Z
q0aFOxT6TNw,iPhone 17 Pro Review: Paradox in a Box!,MKBHD always giving us 21st Century Fox intros and then The Office style videos,@rileynunchuck94,54,2025-09-26T21:14:41Z
q0aFOxT6TNw,iPhone 17 Pro Review: Paradox in a Box!,2021 MKBHD Apple may likely remove ports from iPhone 13s 2025 Apple meanwhile custom prints 3D to fit a USB C port in its new Air phone,@AchyutChaudhary,51,2025-09-26T21:17:57Z
q0aFOxT6TNw,iPhone 17 Pro Review: Paradox in a Box!,I'm always very impressed by the editing of these videos,@chillitsjustace,0,2026-05-22T10:56:36Z
q0aFOxT6TNw,iPhone 17 Pro Review: Paradox in a Box!,"I know it's not the point of the video, but 4 15 is the best explanation of RAW photo and video I've ever seen, and I now understand why it makes a difference to use RAW recording. I always thought it was just higher, uncompressed data, so it makes it easier to change later I didn't realize until now that that's because it's just the information from the sensor displayed in a way that you can see as a photo. And that's really cool! Thanks, Marques!",@PaleCentaur,152,2025-09-27T11:52:17Z
q0aFOxT6TNw,iPhone 17 Pro Review: Paradox in a Box!,"I don t get the hate for the orange colour, I think we have been calling for interesting pro colours and they ve finally delivered",@BambulousBlbry,128,2025-09-26T21:02:26Z
q0aFOxT6TNw,iPhone 17 Pro Review: Paradox in a Box!,Youtubers giving references to other youtubers is such a positive thiing to the society.,@talhaijaz6218,72,2025-09-27T11:50:52Z
q0aFOxT6TNw,iPhone 17 Pro Review: Paradox in a Box!,"Probably the highest production quality review of MKBHD I've ever seen. Felt really smooth, cinematic, warm and polished. Thank you to Marques and the team!",@denisyosifov3407,1,2025-09-29T02:03:00Z
q0aFOxT6TNw,iPhone 17 Pro Review: Paradox in a Box!,"The dbrand statistics doesn t paint the full picture, because it s worth remembering that people who have the disposable income to spend buying the more expensive products Pro and Pro Max customers will also be more likely to also buy expensive accessories to go with their phone, whereas more regular model owners are more likely to save costs where they can and not buy unnecessary additions to their phone, as long as it does its job.",@Shft-T4b,68,2025-09-27T13:44:13Z
q0aFOxT6TNw,iPhone 17 Pro Review: Paradox in a Box!,"I like how the other reviewers you shout out go into depth about specific characteristics, and you use that to base your opinion about it.",@DiamondMaster115,73,2025-09-26T21:18:38Z
q0aFOxT6TNw,iPhone 17 Pro Review: Paradox in a Box!,You always bring the heat,@bubbie23jw,0,2025-12-02T12:49:20Z
q0aFOxT6TNw,iPhone 17 Pro Review: Paradox in a Box!,"4 20 Honest to god, as a regular schmuck who isn t a video nerd I think this part where you recorded with the iPhone looks better than the rest of the video.",@MrThedennisblack,58,2025-09-26T23:46:48Z
q0aFOxT6TNw,iPhone 17 Pro Review: Paradox in a Box!,Legendary intro!! And SUPER cool of you for never hesitating to shout out other Youtube channels this round it is HTX studios and of course Jerryrigeverything . I absolutely love HTX Studios.,@samchen9951,32,2025-09-28T10:51:07Z
q0aFOxT6TNw,iPhone 17 Pro Review: Paradox in a Box!,Outstanding review as always! Your production quality continues to set the bar incredibly high that intro was absolutely cinematic. The balanced analysis of the Pro's features and the paradox concept is spot on. Love how you incorporate other creators' expertise too. Thanks for another thorough and engaging tech review!,@cyber_tech_rahit,0,2025-09-29T14:24:10Z
q0aFOxT6TNw,iPhone 17 Pro Review: Paradox in a Box!,This intro is more cinematic than the actual reveal,@esprmusic,18,2025-09-26T21:08:37Z
q0aFOxT6TNw,iPhone 17 Pro Review: Paradox in a Box!,How is that his intros alone are better than Apple? lol 0 18,@JeremyNixon-n6r,6,2025-09-26T23:40:17Z
q0aFOxT6TNw,iPhone 17 Pro Review: Paradox in a Box!,4 00 damn that footage is crispy,@adlerz5433,66,2025-09-26T21:10:22Z
q0aFOxT6TNw,iPhone 17 Pro Review: Paradox in a Box!,Very reliable source of information.,@GeranoDisora,1,2025-10-09T15:22:47Z
q0aFOxT6TNw,iPhone 17 Pro Review: Paradox in a Box!,This might be the most Pro iPhone yet,@JoeyStark-l2l,19,2025-09-27T00:42:36Z
q0aFOxT6TNw,iPhone 17 Pro Review: Paradox in a Box!,i upgraded from my 12 pro to the 17pro max i was lucky if i got 3hrs of screen time on my 12 so now having the ability to go all day and still have 30 50 battery left is a game changer,@HouleiO,64,2025-09-26T21:16:03Z
q0aFOxT6TNw,iPhone 17 Pro Review: Paradox in a Box!,These videos have now become a movie experience. Started watching them on the big screen with surround sound turned on,@RocheAnton,19,2025-09-27T06:38:02Z
q0aFOxT6TNw,iPhone 17 Pro Review: Paradox in a Box!,Quality of your video editing is next level,@danielchow8761,0,2025-12-21T16:19:21Z
q0aFOxT6TNw,iPhone 17 Pro Review: Paradox in a Box!,I m happy as hell my iPhone 17 pro max 1tb finally came in ! I m watching reviews for no reason at this point !,@KhariConception,66,2025-09-26T21:05:04Z
q0aFOxT6TNw,iPhone 17 Pro Review: Paradox in a Box!,How good is that production and editing,@VardaanChawla,20,2025-09-28T11:04:08Z
q0aFOxT6TNw,iPhone 17 Pro Review: Paradox in a Box!,Your entrance is always so great 0 23,@Benfami_G,14,2025-09-26T21:27:28Z
q0aFOxT6TNw,iPhone 17 Pro Review: Paradox in a Box!,1 35 Does d brand sales actually match the sales number of apple? The ones who buy the most expensive phones are probably the ones who are more likely to get expensive protection like d brand right?,@josephdiao8149,154,2025-09-29T12:28:45Z
q0aFOxT6TNw,iPhone 17 Pro Review: Paradox in a Box!,"The reason the pros and pro max sell so much is because once you buy one, even after a couple of years, your only upgrade path is another pro since your old pro is probably still better than the new base.",@BryantAvant,79,2025-09-27T17:33:20Z
q0aFOxT6TNw,iPhone 17 Pro Review: Paradox in a Box!,That intro is low key tougher than the official Apple intro,@cobraclan188,12,2025-09-26T21:49:17Z
q0aFOxT6TNw,iPhone 17 Pro Review: Paradox in a Box!,The absolute king of tech reviews!,@scupking,7,2025-09-27T01:53:04Z
q0aFOxT6TNw,iPhone 17 Pro Review: Paradox in a Box!,Excellent coverage of the topic.,@RLLEMMO,0,2025-10-04T16:50:20Z
q0aFOxT6TNw,iPhone 17 Pro Review: Paradox in a Box!,Your intros are the absolute best in the business. OMG You outdo yourself every single year.,@DrewTheKid_,8,2025-09-27T00:40:42Z
q0aFOxT6TNw,iPhone 17 Pro Review: Paradox in a Box!,Loving the intros,@djwillofficial,26,2025-09-26T21:08:45Z
q0aFOxT6TNw,iPhone 17 Pro Review: Paradox in a Box!,"Yours is the only review I always watch. As a chat support at tmo , I always recommend your videos to customers who want to fully understand the phone they're planning to purchase. I provide them with the basic specs, but I always tell them to check out your review if they want a deeper insight",@LivingSoul16,20,2025-09-26T21:12:37Z
q0aFOxT6TNw,iPhone 17 Pro Review: Paradox in a Box!,the intro! Why did a pixel never get such a good intro!,@therahulhimanshu,15,2025-09-27T08:15:25Z
q0aFOxT6TNw,iPhone 17 Pro Review: Paradox in a Box!,I purchased that weather app after seeing your last video. Thank you.,@LCopJunior,7,2025-09-26T22:23:14Z
q0aFOxT6TNw,iPhone 17 Pro Review: Paradox in a Box!,The orange color is fire,@Noulvari,125,2025-09-26T21:01:22Z
q0aFOxT6TNw,iPhone 17 Pro Review: Paradox in a Box!,That intro was just something else... Great presentation,@eChipIQ,0,2025-09-29T11:26:22Z
q0aFOxT6TNw,iPhone 17 Pro Review: Paradox in a Box!,For the first time ever... felt like an iPhone promo rather than a MKBHD REVIEW,@asifmohamed5348,10,2025-09-28T08:21:16Z
q0aFOxT6TNw,iPhone 17 Pro Review: Paradox in a Box!,We welcome the new iPhone is such a hilarious statement,@Lances_45,4,2025-09-28T11:34:38Z
q0aFOxT6TNw,iPhone 17 Pro Review: Paradox in a Box!,Love that HTX got a shoutout! His video's incredible!,@Arcwise1,19,2025-09-26T23:16:07Z
q0aFOxT6TNw,iPhone 17 Pro Review: Paradox in a Box!,The production is top notch.,@SamanthaAlexander-d5l,0,2025-10-13T19:14:37Z
q0aFOxT6TNw,iPhone 17 Pro Review: Paradox in a Box!,"1 42 I d imagine these numbers aren t super close to the real apple sales figures because, if you re buying a 17 Pro Max or a Pro, you re probably more techy and DBrand targets techy people for their advertising, so those numbers are inflated, and if you re buying an Air there s a good chance you just won t get a case because the entire reason anybody is getting one is just because it s super thin. A case makes it less thin.",@What-thaW,92,2025-09-26T21:22:10Z
q0aFOxT6TNw,iPhone 17 Pro Review: Paradox in a Box!,Looks like Apple Commercial rather than a review. Only PROS no CONS.,@ganesht241,7,2025-09-27T05:51:21Z
q0aFOxT6TNw,iPhone 17 Pro Review: Paradox in a Box!,The Video and Production Quality,@rohittrahim7602,4,2025-09-27T17:31:18Z
q0aFOxT6TNw,iPhone 17 Pro Review: Paradox in a Box!,I ve been thinking of buying this and this really helps! Thank you!,@HathiRulez,0,2026-04-20T15:45:45Z
q0aFOxT6TNw,iPhone 17 Pro Review: Paradox in a Box!,Watching on my 15 plus that I ll be keeping for one more year,@laa98l,10,2025-09-27T04:52:32Z
q0aFOxT6TNw,iPhone 17 Pro Review: Paradox in a Box!,Soooo underrated. Coming from the 16 pro.. I got the black iPhone 17 and i looveeee it Highly recommend the iPhone 17,@nicoletiana,5,2025-09-28T05:40:30Z
q0aFOxT6TNw,iPhone 17 Pro Review: Paradox in a Box!,always next level,@maptaulislamtaraq6454,0,2025-10-24T16:29:12Z
q0aFOxT6TNw,iPhone 17 Pro Review: Paradox in a Box!,The greatest paradox of the iPhone 17 Pro the most pro iPhone ever is also the most mainstream phone Apple has ever made.,@TomScryleus,60,2025-09-27T05:16:44Z
q0aFOxT6TNw,iPhone 17 Pro Review: Paradox in a Box!,Whoever made that intro deserves a massive raise,@HeisenbergFam,15,2025-09-26T21:06:29Z
q0aFOxT6TNw,iPhone 17 Pro Review: Paradox in a Box!,Color choice is a deliberate marketing choice. They want you to be a walking AD for Apple even more,@klopakarus,7,2025-09-27T11:19:57Z
q0aFOxT6TNw,iPhone 17 Pro Review: Paradox in a Box!,"Excellent review on your smartphone, thanks for the video!",@This_Happened_To_Me_Stories,0,2026-04-08T09:13:21Z
q0aFOxT6TNw,iPhone 17 Pro Review: Paradox in a Box!,"Hello! MKBHD, this review was worth the wait.",@nicklaw8,12,2025-09-26T21:04:13Z
q0aFOxT6TNw,iPhone 17 Pro Review: Paradox in a Box!,5 46 This makes it more durable sounds like a joke after a series of completely failed drop tests,@VSPlum,19,2025-09-27T17:53:34Z
q0aFOxT6TNw,iPhone 17 Pro Review: Paradox in a Box!,0 27 if Oppenheimer had an iphone,@kanu_reeves999,7,2025-09-27T05:04:21Z
q0aFOxT6TNw,iPhone 17 Pro Review: Paradox in a Box!,This September has been extra grinding!,@justingarfield581,13,2025-09-26T22:07:08Z
q0aFOxT6TNw,iPhone 17 Pro Review: Paradox in a Box!,Still hilarious that Jobs got everyone to call this thing a phone another 20 minute device review without a word that relates to the fact it makes calls.,@TheFM_Club,7,2025-09-27T13:44:51Z
q0aFOxT6TNw,iPhone 17 Pro Review: Paradox in a Box!,This feels like the shortest iPhone pro review man has ever done,@quan_snr6532,5,2025-09-28T09:27:56Z
q0aFOxT6TNw,iPhone 17 Pro Review: Paradox in a Box!,Love your reviews. And the thermal,@Bryanboi100,0,2026-02-20T23:10:38Z
q0aFOxT6TNw,iPhone 17 Pro Review: Paradox in a Box!,"I just gotta say I really love that you put your ads at the end of your videos Marques. Makes it so we don t have to watch them, I really appreciate that.",@jumbolarge108,6,2025-09-28T06:18:57Z
q0aFOxT6TNw,iPhone 17 Pro Review: Paradox in a Box!,1 34 Could it not just be the case that people who buy the more expensive phone are likely to spend more to protect customise it?,@Acquirer95,161,2025-09-26T21:10:10Z
q0aFOxT6TNw,iPhone 17 Pro Review: Paradox in a Box!,I refreshed video 10 times until realising,@pred4tor713,9,2025-09-26T21:03:26Z
q0aFOxT6TNw,iPhone 17 Pro Review: Paradox in a Box!,3 52 the flares are from the sapphire lenses,@PrestoMoto02,13,2025-09-28T23:04:16Z
q0aFOxT6TNw,iPhone 17 Pro Review: Paradox in a Box!,3 19 I for real just went full Kill Bill mode. DESTROY IT.,@pinoytrash,16,2025-09-26T23:05:12Z
S8OLsdPNTHc,Apple ने काय mast phone बनवलाय 🤩 iPhone 17 Unboxing &amp; Quick Review!,Really Great for iPhone 17,@mujibur.rahman,14,2025-09-18T09:22:56Z
S8OLsdPNTHc,Apple ने काय mast phone बनवलाय 🤩 iPhone 17 Unboxing &amp; Quick Review!,Khup khup chan nice video of iPhone in Marathi masta god bless you,@ketanhande,0,2025-09-21T02:43:53Z
S8OLsdPNTHc,Apple ने काय mast phone बनवलाय 🤩 iPhone 17 Unboxing &amp; Quick Review!,Good Information,@DattaramSakpal-q5r,0,2025-10-29T04:58:32Z
S8OLsdPNTHc,Apple ने काय mast phone बनवलाय 🤩 iPhone 17 Unboxing &amp; Quick Review!,2 min sathi vatal mich ghetla new phone nice video..,@sanyuktaachavhan,3,2025-09-18T09:52:29Z
S8OLsdPNTHc,Apple ने काय mast phone बनवलाय 🤩 iPhone 17 Unboxing &amp; Quick Review!,Dada mi gheycha vichar kart hoto maz chalel Android to iOS shift hoych but thode doubts hote pn ata mi iPhone 17 ghetla khup mast ahe tuzi madat khup zali dada ya guide mule thanks Arun da pistol green color khup bhari vatto,@SusmitBhoir,2,2025-11-01T17:48:16Z
S8OLsdPNTHc,Apple ने काय mast phone बनवलाय 🤩 iPhone 17 Unboxing &amp; Quick Review!,Details in his video always i mean just look at background racket it has a apple box on it a nice plant in corner to get a perfect composition hat's off to team,@kuldeeppatil608,0,2025-09-19T11:58:25Z
S8OLsdPNTHc,Apple ने काय mast phone बनवलाय 🤩 iPhone 17 Unboxing &amp; Quick Review!,All in one,@L-J-channel-g8m,0,2025-09-27T09:02:33Z
S8OLsdPNTHc,Apple ने काय mast phone बनवलाय 🤩 iPhone 17 Unboxing &amp; Quick Review!,Iphone air cha vd havache dada. Jabardast avadlela ahe look la pan in depth vd baghychi echa ahe,@shantanusawant3986,0,2025-09-20T12:22:02Z
S8OLsdPNTHc,Apple ने काय mast phone बनवलाय 🤩 iPhone 17 Unboxing &amp; Quick Review!,7 40 make video of all iPhone 17 series,@SahilAdsul-v8g,2,2025-09-18T15:59:57Z
S8OLsdPNTHc,Apple ने काय mast phone बनवलाय 🤩 iPhone 17 Unboxing &amp; Quick Review!,Yes. iPhone Air video needed,@sandeepdandekar443,0,2025-09-22T12:12:35Z
S8OLsdPNTHc,Apple ने काय mast phone बनवलाय 🤩 iPhone 17 Unboxing &amp; Quick Review!,Battety backup kami asato basic variant cha,@Yogeshbagul007,0,2025-09-20T03:47:17Z
S8OLsdPNTHc,Apple ने काय mast phone बनवलाय 🤩 iPhone 17 Unboxing &amp; Quick Review!,Apple na environment protection shi shappat ghelti ek ek ghosti kadat ahe,@prarabdhagawande16,2,2025-09-18T12:11:02Z
S8OLsdPNTHc,Apple ने काय mast phone बनवलाय 🤩 iPhone 17 Unboxing &amp; Quick Review!,Please make a video about alternatives available for I phone . Needless to say that the price tag of I phone is pretty high .,@vinayakgovitrikar354,0,2025-09-20T07:06:29Z
S8OLsdPNTHc,Apple ने काय mast phone बनवलाय 🤩 iPhone 17 Unboxing &amp; Quick Review!,iPhone 17 cha full review ch video kadi yenar ahe sir iPhone 17 full wadhiv ahe mast,@rushikeshadagale1932,0,2025-10-07T08:35:16Z
S8OLsdPNTHc,Apple ने काय mast phone बनवलाय 🤩 iPhone 17 Unboxing &amp; Quick Review!,"I would like to hear a comparative study of iPhone17 17 Pro, from you...",@coomarz,0,2025-09-19T13:13:50Z
S8OLsdPNTHc,Apple ने काय mast phone बनवलाय 🤩 iPhone 17 Unboxing &amp; Quick Review!,Air cha 1 video ani 17 base ani air ch comparison plz,@nileshbhosale1790,0,2025-09-19T03:39:42Z
S8OLsdPNTHc,Apple ने काय mast phone बनवलाय 🤩 iPhone 17 Unboxing &amp; Quick Review!,Samsung s26 che asach same video details madhe ahe asel tr link share kara sir,@narendramugdyal2141,0,2026-05-26T17:19:09Z
S8OLsdPNTHc,Apple ने काय mast phone बनवलाय 🤩 iPhone 17 Unboxing &amp; Quick Review!,I phone 17 mdhun Bagto ahe,@KalpeshSurwade-r4b,0,2026-05-15T18:24:31Z
S8OLsdPNTHc,Apple ने काय mast phone बनवलाय 🤩 iPhone 17 Unboxing &amp; Quick Review!,17 cha long term review,@Y14591,1,2025-09-18T10:23:24Z
S8OLsdPNTHc,Apple ने काय mast phone बनवलाय 🤩 iPhone 17 Unboxing &amp; Quick Review!,Sadhi 100 rs chi tempered glass lavlyavar reflective display la kahi problem yeu shakto ka,@prajwalkamthe9441,0,2026-04-28T17:10:16Z
S8OLsdPNTHc,Apple ने काय mast phone बनवलाय 🤩 iPhone 17 Unboxing &amp; Quick Review!,Majhya kade iphone 16 ahe. Apple store madhye jaun exchange offer madhye iphone 17 gheta yeil ka ?,@aniruddhakaslikar2987,0,2025-09-18T20:03:53Z
S8OLsdPNTHc,Apple ने काय mast phone बनवलाय 🤩 iPhone 17 Unboxing &amp; Quick Review!,"Sir, tumcha video baghun ani etar details check kelyavar, 74k chya jagi 81 la book kelela iphone 16 pro mi cancel kela attach. Ani ata 17 base model book karnar karan mazi real use case 17 base model perfect fullfill karat ahe, rather than 3 nos rear camera and titanium stuff in 16 pro. Thanks sir, vachalo mi, 6k jast deun old model less value addition aslela phone galyat padla asta.",@Soulhunter03,0,2025-09-22T15:37:49Z
S8OLsdPNTHc,Apple ने काय mast phone बनवलाय 🤩 iPhone 17 Unboxing &amp; Quick Review!,For photographers which is best 17 or 17 prob,@funwith__Aayush,0,2025-09-19T17:17:33Z
S8OLsdPNTHc,Apple ने काय mast phone बनवलाय 🤩 iPhone 17 Unboxing &amp; Quick Review!,"Hyii.. Can u make a video between Iphone 17 Basic Model 6.3 vs Google Pixel 10 Pro Model 6.3 as I'm bit confused which one to buy. My priority while buying a smartphone is Best Cameras for Photography Videography, latest AI features along with better fast charging Battery Life.",@mkshirsagar89,0,2025-09-21T12:12:47Z
S8OLsdPNTHc,Apple ने काय mast phone बनवलाय 🤩 iPhone 17 Unboxing &amp; Quick Review!,Hello Sir Ek confirm kara ata tumhi sangta ghya nantr 4 5 months ni tya madhe parat video banvun sangta ka nahi ghyaycha iphone 17 . We trust you we are big fan of yours. But ata investment karun parat problem peksha we want something clear video. Also required s24ultra and 17 compare video due to the same price. But confused,@omkarlokhande7927,0,2025-09-18T11:29:51Z
S8OLsdPNTHc,Apple ने काय mast phone बनवलाय 🤩 iPhone 17 Unboxing &amp; Quick Review!,17 is best but fAkt ekch kami rahili trple camera wala look ch bhari vatato.. Tich pahchan h iphone chi,@ascreation2853,0,2025-09-18T12:56:26Z
S8OLsdPNTHc,Apple ने काय mast phone बनवलाय 🤩 iPhone 17 Unboxing &amp; Quick Review!,Dada calculation correction with 5k discount 77k nahi 78k madhe yenar,@satishgangatiware3050,0,2025-10-21T03:39:55Z
